[
  {
    "pk": 6,
    "model": "auth.user",
    "fields": {
      "username": "user2",
      "first_name": "",
      "last_name": "",
      "is_active": true,
      "is_superuser": false,
      "is_staff": false,
      "last_login": "2012-06-14 12:06:59",
      "groups": [],
      "user_permissions": [
        [
          "can_vote",
          "profiles",
          "reputation"
        ]
      ],
      "password": "sha1$85c77$3e8d4553feb3d07dcedd9bd16c039d94e448106a",
      "email": "",
      "date_joined": "2012-06-14 12:06:59"
    }
  },
  {
    "pk": 7,
    "model": "auth.user",
    "fields": {
      "username": "user3",
      "first_name": "",
      "last_name": "",
      "is_active": true,
      "is_superuser": false,
      "is_staff": false,
      "last_login": "2012-06-14 12:08:03",
      "groups": [],
      "user_permissions": [
        [
          "can_vote",
          "profiles",
          "reputation"
        ]
      ],
      "password": "sha1$023ec$39cdec515e0e35eb326b50dbaffa2b6180c207f0",
      "email": "",
      "date_joined": "2012-06-14 12:08:03"
    }
  },
  {
    "pk": 8,
    "model": "auth.user",
    "fields": {
      "username": "user4",
      "first_name": "",
      "last_name": "",
      "is_active": true,
      "is_superuser": false,
      "is_staff": false,
      "last_login": "2012-06-14 12:08:30",
      "groups": [],
      "user_permissions": [
        [
          "can_vote",
          "profiles",
          "reputation"
        ]
      ],
      "password": "sha1$490cb$3df94edb763fe39f04fcb731316fb2671e1d37f7",
      "email": "",
      "date_joined": "2012-06-14 12:08:30"
    }
  },
  {
    "pk": 17,
    "model": "auth.user",
    "fields": {
      "username": "maxargat",
      "first_name": "",
      "last_name": "",
      "is_active": true,
      "is_superuser": false,
      "is_staff": false,
      "last_login": "2012-06-20 15:30:48",
      "groups": [],
      "user_permissions": [
        [
          "can_vote",
          "profiles",
          "reputation"
        ]
      ],
      "password": "sha1$3de91$69c2a2102a48e0b498196fad0cd6de7a1cf383bf",
      "email": "maxargat@gmail.com",
      "date_joined": "2012-06-20 15:30:47"
    }
  },
  {
    "pk": 2,
    "model": "auth.user",
    "fields": {
      "username": "user1",
      "first_name": "",
      "last_name": "",
      "is_active": true,
      "is_superuser": false,
      "is_staff": false,
      "last_login": "2012-06-18 02:13:24",
      "groups": [],
      "user_permissions": [
        [
          "can_vote",
          "profiles",
          "reputation"
        ]
      ],
      "password": "sha1$5ccf3$b685c71b273a5a4ffd30762caa2bde0e822c6b2a",
      "email": "",
      "date_joined": "2012-06-11 19:26:50"
    }
  },
  {
    "pk": 11,
    "model": "auth.user",
    "fields": {
      "username": "Dead_eh",
      "first_name": "",
      "last_name": "",
      "is_active": true,
      "is_superuser": false,
      "is_staff": false,
      "last_login": "2012-06-19 17:21:35",
      "groups": [],
      "user_permissions": [
        [
          "can_vote",
          "profiles",
          "reputation"
        ]
      ],
      "password": "sha1$71828$90271eb46fbfdfe5e6da999296057ad7bcf39c7f",
      "email": "",
      "date_joined": "2012-06-19 17:21:35"
    }
  },
  {
    "pk": 18,
    "model": "auth.user",
    "fields": {
      "username": "Tonio",
      "first_name": "",
      "last_name": "",
      "is_active": true,
      "is_superuser": false,
      "is_staff": false,
      "last_login": "2012-06-20 16:07:54",
      "groups": [],
      "user_permissions": [
        [
          "can_vote",
          "profiles",
          "reputation"
        ]
      ],
      "password": "sha1$97ab9$01df62c40ae8f684f8d6377baf74e4e549b0e2f5",
      "email": "antoine@kalaydjian.fr",
      "date_joined": "2012-06-20 16:07:52"
    }
  },
  {
    "pk": 19,
    "model": "auth.user",
    "fields": {
      "username": "romainlakal",
      "first_name": "",
      "last_name": "",
      "is_active": true,
      "is_superuser": false,
      "is_staff": false,
      "last_login": "2012-06-20 16:17:53",
      "groups": [],
      "user_permissions": [
        [
          "can_vote",
          "profiles",
          "reputation"
        ]
      ],
      "password": "sha1$c1f0d$cb4299ba90d135dfacfb1a7fc1cea98f385ba25f",
      "email": "romain.kalaydjian@gmail.com",
      "date_joined": "2012-06-20 16:17:52"
    }
  },
  {
    "pk": 20,
    "model": "auth.user",
    "fields": {
      "username": "Benedicte",
      "first_name": "",
      "last_name": "",
      "is_active": true,
      "is_superuser": false,
      "is_staff": false,
      "last_login": "2012-06-20 19:00:18",
      "groups": [],
      "user_permissions": [
        [
          "can_vote",
          "profiles",
          "reputation"
        ]
      ],
      "password": "sha1$0b17a$05043c99a30f3cc21f3ac514ac51342083f42c93",
      "email": "lagarbette@hotmail.com",
      "date_joined": "2012-06-20 19:00:15"
    }
  },
  {
    "pk": 4,
    "model": "auth.user",
    "fields": {
      "username": "gas",
      "first_name": "",
      "last_name": "",
      "is_active": true,
      "is_superuser": true,
      "is_staff": true,
      "last_login": "2012-06-20 19:35:47",
      "groups": [],
      "user_permissions": [
        [
          "can_vote",
          "profiles",
          "reputation"
        ]
      ],
      "password": "sha1$5bec8$ddfdcbd92edb125a5322ba57d581ffa3489fc081",
      "email": "guillaume.andreu.sabater@gmail.com",
      "date_joined": "2012-06-14 12:05:15"
    }
  },
  {
    "pk": 14,
    "model": "auth.user",
    "fields": {
      "username": "damdamb",
      "first_name": "",
      "last_name": "",
      "is_active": true,
      "is_superuser": false,
      "is_staff": false,
      "last_login": "2012-06-19 21:35:02",
      "groups": [],
      "user_permissions": [
        [
          "can_vote",
          "profiles",
          "reputation"
        ]
      ],
      "password": "sha1$eebc8$9e175ae44a9d4a5cf569a746c4cb6fa174e93abc",
      "email": "DamienBecq+newco@gmail.com",
      "date_joined": "2012-06-19 21:35:01"
    }
  },
  {
    "pk": 12,
    "model": "auth.user",
    "fields": {
      "username": "max",
      "first_name": "",
      "last_name": "",
      "is_active": true,
      "is_superuser": false,
      "is_staff": false,
      "last_login": "2012-06-19 21:33:30",
      "groups": [],
      "user_permissions": [
        [
          "can_vote",
          "profiles",
          "reputation"
        ]
      ],
      "password": "sha1$b5db2$4a6fef31451e86d39c657ca31e74083782a8bcd3",
      "email": "rouyrre+test@gmail.com",
      "date_joined": "2012-06-19 21:33:28"
    }
  },
  {
    "pk": 21,
    "model": "auth.user",
    "fields": {
      "username": "rhynoo",
      "first_name": "",
      "last_name": "",
      "is_active": true,
      "is_superuser": false,
      "is_staff": false,
      "last_login": "2012-06-20 21:04:48",
      "groups": [],
      "user_permissions": [
        [
          "can_vote",
          "profiles",
          "reputation"
        ]
      ],
      "password": "sha1$60c04$1351434ef3d50850593d81c0fbb919d72fb5357e",
      "email": "marion@quinquis.net",
      "date_joined": "2012-06-20 21:04:47"
    }
  },
  {
    "pk": 16,
    "model": "auth.user",
    "fields": {
      "username": "Zvet",
      "first_name": "",
      "last_name": "",
      "is_active": true,
      "is_superuser": false,
      "is_staff": false,
      "last_login": "2012-06-20 13:43:45",
      "groups": [],
      "user_permissions": [
        [
          "can_vote",
          "profiles",
          "reputation"
        ]
      ],
      "password": "sha1$bd5cc$0c2f6dbaa0d712fb800333dd3f2aa5bc262033e7",
      "email": "pasvetchine@gmail.com",
      "date_joined": "2012-06-20 13:43:43"
    }
  },
  {
    "pk": 15,
    "model": "auth.user",
    "fields": {
      "username": "Tom",
      "first_name": "",
      "last_name": "",
      "is_active": true,
      "is_superuser": false,
      "is_staff": false,
      "last_login": "2012-06-20 14:31:17",
      "groups": [],
      "user_permissions": [
        [
          "can_vote",
          "profiles",
          "reputation"
        ]
      ],
      "password": "sha1$8aac0$37d4f5fc709e3122109126ccbb99d2f065ecfd0c",
      "email": "talicherif@ongconseil.com",
      "date_joined": "2012-06-19 21:35:13"
    }
  },
  {
    "pk": 1,
    "model": "auth.user",
    "fields": {
      "username": "maxime",
      "first_name": "",
      "last_name": "",
      "is_active": true,
      "is_superuser": true,
      "is_staff": true,
      "last_login": "2012-06-20 14:46:39",
      "groups": [],
      "user_permissions": [
        [
          "can_vote",
          "profiles",
          "reputation"
        ]
      ],
      "password": "sha1$1ff98$a6ed35598a5703a5444901cf8c431d982fa40213",
      "email": "rouyrre@gmail.com",
      "date_joined": "2012-06-04 12:15:42"
    }
  },
  {
    "pk": 22,
    "model": "auth.user",
    "fields": {
      "username": "Nicolas",
      "first_name": "",
      "last_name": "",
      "is_active": true,
      "is_superuser": false,
      "is_staff": false,
      "last_login": "2012-06-20 22:16:08",
      "groups": [],
      "user_permissions": [
        [
          "can_vote",
          "profiles",
          "reputation"
        ]
      ],
      "password": "sha1$dd2c3$5d565bc91658d8517c43f209b4090d2366dfbd80",
      "email": "nicolas.chaulet@gmail.com",
      "date_joined": "2012-06-20 22:16:07"
    }
  },
  {
    "pk": 23,
    "model": "auth.user",
    "fields": {
      "username": "LG",
      "first_name": "",
      "last_name": "",
      "is_active": true,
      "is_superuser": false,
      "is_staff": false,
      "last_login": "2012-06-21 01:31:22",
      "groups": [],
      "user_permissions": [
        [
          "can_vote",
          "profiles",
          "reputation"
        ]
      ],
      "password": "sha1$7681b$80939822023cda29134649e7687a004e687da2ae",
      "email": "lidiagabor@hotmail.com",
      "date_joined": "2012-06-21 01:31:21"
    }
  },
  {
    "pk": 24,
    "model": "auth.user",
    "fields": {
      "username": "jpck",
      "first_name": "",
      "last_name": "",
      "is_active": true,
      "is_superuser": false,
      "is_staff": false,
      "last_login": "2012-06-21 06:59:59",
      "groups": [],
      "user_permissions": [
        [
          "can_vote",
          "profiles",
          "reputation"
        ]
      ],
      "password": "sha1$89cb0$64935f4a29599aae9d8bfd87c670a62d840a29de",
      "email": "clairekaydjian@gmail.com",
      "date_joined": "2012-06-21 06:59:57"
    }
  },
  {
    "pk": 10,
    "model": "auth.user",
    "fields": {
      "username": "guillaumekal",
      "first_name": "",
      "last_name": "",
      "is_active": true,
      "is_superuser": true,
      "is_staff": true,
      "last_login": "2012-06-21 17:23:21",
      "groups": [],
      "user_permissions": [
        [
          "can_vote",
          "profiles",
          "reputation"
        ]
      ],
      "password": "sha1$19bd1$66abcd5fea00629951929f417b2135e93b1414df",
      "email": "guillaume.kalaydjian@gmail.com",
      "date_joined": "2012-06-15 22:53:21"
    }
  },
  {
    "pk": 25,
    "model": "auth.user",
    "fields": {
      "username": "ltbesh",
      "first_name": "",
      "last_name": "",
      "is_active": true,
      "is_superuser": false,
      "is_staff": false,
      "last_login": "2012-06-21 17:48:56",
      "groups": [],
      "user_permissions": [
        [
          "can_vote",
          "profiles",
          "reputation"
        ]
      ],
      "password": "sha1$eae65$fc1950efc701a8a7c55b160559bd6346ab376e57",
      "email": "lucas.tineberes@kadank.com",
      "date_joined": "2012-06-21 17:48:55"
    }
  },
  {
    "pk": 9,
    "model": "auth.user",
    "fields": {
      "username": "Seb",
      "first_name": "",
      "last_name": "",
      "is_active": true,
      "is_superuser": true,
      "is_staff": true,
      "last_login": "2012-06-21 18:48:48",
      "groups": [],
      "user_permissions": [
        [
          "can_vote",
          "profiles",
          "reputation"
        ]
      ],
      "password": "sha1$471bf$e97793bf443517503d326a4dc698fee620984ecc",
      "email": "sebastien.worms@gmail.com",
      "date_joined": "2012-06-15 21:17:41"
    }
  },
  {
    "pk": 1,
    "model": "sites.site",
    "fields": {
      "domain": "www.newco-project.com",
      "name": "NewCo"
    }
  },
  {
    "pk": 1,
    "model": "emailconfirmation.emailaddress",
    "fields": {
      "verified": true,
      "user": 1,
      "primary": true,
      "email": "rouyrre@gmail.com"
    }
  },
  {
    "pk": 2,
    "model": "emailconfirmation.emailaddress",
    "fields": {
      "verified": true,
      "user": 9,
      "primary": true,
      "email": "sebastien.worms@gmail.com"
    }
  },
  {
    "pk": 3,
    "model": "emailconfirmation.emailaddress",
    "fields": {
      "verified": true,
      "user": 10,
      "primary": true,
      "email": "guillaume.kalaydjian@gmail.com"
    }
  },
  {
    "pk": 7,
    "model": "emailconfirmation.emailaddress",
    "fields": {
      "verified": true,
      "user": 15,
      "primary": true,
      "email": "talicherif@ongconseil.com"
    }
  },
  {
    "pk": 6,
    "model": "emailconfirmation.emailaddress",
    "fields": {
      "verified": true,
      "user": 14,
      "primary": true,
      "email": "DamienBecq+newco@gmail.com"
    }
  },
  {
    "pk": 4,
    "model": "emailconfirmation.emailaddress",
    "fields": {
      "verified": true,
      "user": 12,
      "primary": true,
      "email": "rouyrre+test@gmail.com"
    }
  },
  {
    "pk": 8,
    "model": "emailconfirmation.emailaddress",
    "fields": {
      "verified": false,
      "user": 11,
      "primary": false,
      "email": "dead_eh@hotmail.com"
    }
  },
  {
    "pk": 9,
    "model": "emailconfirmation.emailaddress",
    "fields": {
      "verified": true,
      "user": 16,
      "primary": true,
      "email": "pasvetchine@gmail.com"
    }
  },
  {
    "pk": 10,
    "model": "emailconfirmation.emailaddress",
    "fields": {
      "verified": true,
      "user": 17,
      "primary": true,
      "email": "maxargat@gmail.com"
    }
  },
  {
    "pk": 11,
    "model": "emailconfirmation.emailaddress",
    "fields": {
      "verified": true,
      "user": 18,
      "primary": true,
      "email": "antoine@kalaydjian.fr"
    }
  },
  {
    "pk": 12,
    "model": "emailconfirmation.emailaddress",
    "fields": {
      "verified": true,
      "user": 19,
      "primary": true,
      "email": "romain.kalaydjian@gmail.com"
    }
  },
  {
    "pk": 13,
    "model": "emailconfirmation.emailaddress",
    "fields": {
      "verified": false,
      "user": 20,
      "primary": false,
      "email": "lagarbette@hotmail.com"
    }
  },
  {
    "pk": 14,
    "model": "emailconfirmation.emailaddress",
    "fields": {
      "verified": true,
      "user": 21,
      "primary": true,
      "email": "marion@quinquis.net"
    }
  },
  {
    "pk": 15,
    "model": "emailconfirmation.emailaddress",
    "fields": {
      "verified": true,
      "user": 22,
      "primary": true,
      "email": "nicolas.chaulet@gmail.com"
    }
  },
  {
    "pk": 16,
    "model": "emailconfirmation.emailaddress",
    "fields": {
      "verified": false,
      "user": 23,
      "primary": false,
      "email": "lidiagabor@hotmail.com"
    }
  },
  {
    "pk": 17,
    "model": "emailconfirmation.emailaddress",
    "fields": {
      "verified": false,
      "user": 24,
      "primary": false,
      "email": "clairekaydjian@gmail.com"
    }
  },
  {
    "pk": 18,
    "model": "emailconfirmation.emailaddress",
    "fields": {
      "verified": true,
      "user": 25,
      "primary": true,
      "email": "lucas.tineberes@kadank.com"
    }
  },
  {
    "pk": 1,
    "model": "emailconfirmation.emailconfirmation",
    "fields": {
      "email_address": 2,
      "sent": "2012-06-15 21:17:42",
      "confirmation_key": "f2fd6b0e9055308deea7f4327664eb13400be129"
    }
  },
  {
    "pk": 2,
    "model": "emailconfirmation.emailconfirmation",
    "fields": {
      "email_address": 3,
      "sent": "2012-06-15 22:56:02",
      "confirmation_key": "b37f403b4ed462f50de3d31f27095a5fd2c8a08a"
    }
  },
  {
    "pk": 3,
    "model": "emailconfirmation.emailconfirmation",
    "fields": {
      "email_address": 4,
      "sent": "2012-06-19 21:33:30",
      "confirmation_key": "e83b7820d5e47e5706d3fc2d2958adfd6245fb0e"
    }
  },
  {
    "pk": 5,
    "model": "emailconfirmation.emailconfirmation",
    "fields": {
      "email_address": 6,
      "sent": "2012-06-19 21:35:02",
      "confirmation_key": "72d434e3650e096b4a77b2052db14515db65974f"
    }
  },
  {
    "pk": 6,
    "model": "emailconfirmation.emailconfirmation",
    "fields": {
      "email_address": 7,
      "sent": "2012-06-19 21:35:14",
      "confirmation_key": "9e340b558e8ca9fd384d12cd5deb6f82b77650d4"
    }
  },
  {
    "pk": 7,
    "model": "emailconfirmation.emailconfirmation",
    "fields": {
      "email_address": 8,
      "sent": "2012-06-20 09:33:28",
      "confirmation_key": "d339f9779d651f072ebbee32beb531ea3bdcbe58"
    }
  },
  {
    "pk": 8,
    "model": "emailconfirmation.emailconfirmation",
    "fields": {
      "email_address": 9,
      "sent": "2012-06-20 13:43:44",
      "confirmation_key": "856080c1a8beb556289f10c886a45d1f19d44bc4"
    }
  },
  {
    "pk": 9,
    "model": "emailconfirmation.emailconfirmation",
    "fields": {
      "email_address": 10,
      "sent": "2012-06-20 15:30:48",
      "confirmation_key": "6d4ea48086d788570b0adc455faff772083facf3"
    }
  },
  {
    "pk": 10,
    "model": "emailconfirmation.emailconfirmation",
    "fields": {
      "email_address": 11,
      "sent": "2012-06-20 16:07:54",
      "confirmation_key": "a61c0f1af6831ec8e4d59a7a663f9d776e7d2319"
    }
  },
  {
    "pk": 11,
    "model": "emailconfirmation.emailconfirmation",
    "fields": {
      "email_address": 12,
      "sent": "2012-06-20 16:17:53",
      "confirmation_key": "659b556b204dc8ae619150f0d082b75b7d46320f"
    }
  },
  {
    "pk": 12,
    "model": "emailconfirmation.emailconfirmation",
    "fields": {
      "email_address": 13,
      "sent": "2012-06-20 19:00:18",
      "confirmation_key": "05696cbdd366b1db6cf6a1db745f0a2bc410335a"
    }
  },
  {
    "pk": 13,
    "model": "emailconfirmation.emailconfirmation",
    "fields": {
      "email_address": 14,
      "sent": "2012-06-20 21:04:48",
      "confirmation_key": "2f5e3f901c6869e2492df9c3837d312132205f65"
    }
  },
  {
    "pk": 14,
    "model": "emailconfirmation.emailconfirmation",
    "fields": {
      "email_address": 15,
      "sent": "2012-06-20 22:16:08",
      "confirmation_key": "d4639a4d83e3d132c035c181d79b0d8f15950fb4"
    }
  },
  {
    "pk": 15,
    "model": "emailconfirmation.emailconfirmation",
    "fields": {
      "email_address": 16,
      "sent": "2012-06-21 01:31:22",
      "confirmation_key": "b2b1c047142a6444f8d1532ecac882b98f219298"
    }
  },
  {
    "pk": 16,
    "model": "emailconfirmation.emailconfirmation",
    "fields": {
      "email_address": 17,
      "sent": "2012-06-21 06:59:59",
      "confirmation_key": "232f2ff3632d7b0a867f18c2e2e19621b336661f"
    }
  },
  {
    "pk": 17,
    "model": "emailconfirmation.emailconfirmation",
    "fields": {
      "email_address": 18,
      "sent": "2012-06-21 17:48:56",
      "confirmation_key": "d1d4d04b5fb598728cb5b72ad777d0ec36411214"
    }
  },
  {
    "pk": 1,
    "model": "items.item",
    "fields": {
      "slug": "t2-ultralight-pro",
      "last_modified": "2012-06-04 12:16:47",
      "pub_date": "2012-06-04 12:16:23",
      "name": "T2 Ultralight Pro",
      "author": 1
    }
  },
  {
    "pk": 3,
    "model": "items.item",
    "fields": {
      "slug": "raquette-wilson-blade-team-blx",
      "last_modified": "2012-06-16 01:00:07",
      "pub_date": "2012-06-16 00:03:05",
      "name": "Raquette Wilson Blade Team BLX",
      "author": 10
    }
  },
  {
    "pk": 4,
    "model": "items.item",
    "fields": {
      "slug": "airbook-thd-n2a",
      "last_modified": "2012-06-19 21:37:52",
      "pub_date": "2012-06-19 19:34:15",
      "name": "AirBook THD-N2A",
      "author": 14
    }
  },
  {
    "pk": 5,
    "model": "items.item",
    "fields": {
      "slug": "facebook-phone",
      "last_modified": "2012-06-19 21:41:08",
      "pub_date": "2012-06-19 19:34:15",
      "name": "Facebook phone",
      "author": 14
    }
  },
  {
    "pk": 6,
    "model": "items.item",
    "fields": {
      "slug": "chateau-margaux-2005",
      "last_modified": "2012-06-19 21:45:05",
      "pub_date": "2012-06-19 19:34:15",
      "name": "Ch\u00e2teau margaux 2005",
      "author": 14
    }
  },
  {
    "pk": 7,
    "model": "items.item",
    "fields": {
      "slug": "irobot-roomba",
      "last_modified": "2012-06-20 13:06:41",
      "pub_date": "2012-06-20 09:18:11",
      "name": "iRobot Roomba",
      "author": 9
    }
  },
  {
    "pk": 8,
    "model": "items.item",
    "fields": {
      "slug": "piaggio-mp3",
      "last_modified": "2012-06-20 14:45:00",
      "pub_date": "2012-06-20 09:18:11",
      "name": "Piaggio MP3",
      "author": 16
    }
  },
  {
    "pk": 9,
    "model": "items.item",
    "fields": {
      "slug": "rhynoo",
      "last_modified": "2012-06-20 21:05:55",
      "pub_date": "2012-06-20 19:12:23",
      "name": "Rhynoo",
      "author": 21
    }
  },
  {
    "pk": 14,
    "model": "items.question",
    "fields": {
      "content": "C'est quoi un Rhynoo au juste?",
      "items": [
        9
      ],
      "pub_date": "2012-06-21 00:27:17",
      "author": 10
    }
  },
  {
    "pk": 13,
    "model": "items.question",
    "fields": {
      "content": "Est ce que c'est l\u00e9gal ?",
      "items": [
        4
      ],
      "pub_date": "2012-06-20 09:18:11",
      "author": 9
    }
  },
  {
    "pk": 12,
    "model": "items.question",
    "fields": {
      "content": "Quel est le kilom\u00e9trage maximum atteignable avec un MP3?",
      "items": [
        8
      ],
      "pub_date": "2012-06-20 09:18:11",
      "author": 16
    }
  },
  {
    "pk": 11,
    "model": "items.question",
    "fields": {
      "content": "Battery Life ?",
      "items": [
        4
      ],
      "pub_date": "2012-06-19 19:34:15",
      "author": 14
    }
  },
  {
    "pk": 9,
    "model": "items.question",
    "fields": {
      "content": "Poids ?",
      "items": [
        1
      ],
      "pub_date": "2012-06-19 19:34:15",
      "author": 1
    }
  },
  {
    "pk": 7,
    "model": "items.question",
    "fields": {
      "content": "Est-ce que la place \u00e0 l'int\u00e9rieure est suffisante ?",
      "items": [
        1
      ],
      "pub_date": "2012-06-19 19:34:15",
      "author": 1
    }
  },
  {
    "pk": 8,
    "model": "items.question",
    "fields": {
      "content": "Les sardines sont-elles solides ?",
      "items": [
        1
      ],
      "pub_date": "2012-06-19 19:34:15",
      "author": 1
    }
  },
  {
    "pk": 6,
    "model": "items.question",
    "fields": {
      "content": "Quelle tension me conseillez-vous avec cette raquette, pour eviter de casser trop souvent?",
      "items": [
        3
      ],
      "pub_date": "2012-06-16 00:03:05",
      "author": 10
    }
  },
  {
    "pk": 4,
    "model": "items.question",
    "fields": {
      "content": "Est-elle bien \u00e9tanche ?",
      "items": [
        1
      ],
      "pub_date": "2012-06-11 18:28:36",
      "author": 1
    }
  },
  {
    "pk": 7,
    "model": "items.answer",
    "fields": {
      "content": "Une nuit sous la pluie et pas de probl\u00e8mes.",
      "question": 4,
      "pub_date": "2012-06-11 18:28:36",
      "author": 1
    }
  },
  {
    "pk": 11,
    "model": "items.answer",
    "fields": {
      "content": "La place est suffisante pour deux \u00e0 l'int\u00e9rieur. En revanche il faudra laisser les sacs sous l'abside pour \u00eatre \u00e0 l'aise (penser \u00e0 un sac poubelle pour les isoler de l'humidit\u00e9).",
      "question": 7,
      "pub_date": "2012-06-19 19:34:15",
      "author": 1
    }
  },
  {
    "pk": 12,
    "model": "items.answer",
    "fields": {
      "content": "1,9 kg",
      "question": 9,
      "pub_date": "2012-06-19 19:34:15",
      "author": 1
    }
  },
  {
    "pk": 13,
    "model": "items.answer",
    "fields": {
      "content": "Elles sont tr\u00e8s robustes! Il faut simplement \u00e9viter de marcher dessus pour les planter mais on peut tout de m\u00eame taper dessus avec un caillou...",
      "question": 8,
      "pub_date": "2012-06-20 19:12:23",
      "author": 22
    }
  },
  {
    "pk": 9,
    "model": "items.externallink",
    "fields": {
      "content": "Lien vers Tennis-Warehouse",
      "url": "http://www.tenniswarehouse-europe.com/descpageRCWILSONH-WBXBTE-FR.html",
      "items": [
        3
      ],
      "pub_date": "2012-06-21 09:19:09",
      "author": 10
    }
  },
  {
    "pk": 8,
    "model": "items.externallink",
    "fields": {
      "content": "Article sur Tennis-Achat",
      "url": "http://www.tennisachat.com/2014-raquette-wilson-blx-blade-98.html",
      "items": [
        3
      ],
      "pub_date": "2012-06-21 00:27:17",
      "author": 10
    }
  },
  {
    "pk": 7,
    "model": "items.externallink",
    "fields": {
      "content": "Roomba sur wikipedia",
      "url": "http://en.wikipedia.org/wiki/Roomba",
      "items": [
        7
      ],
      "pub_date": "2012-06-20 19:12:23",
      "author": 9
    }
  },
  {
    "pk": 6,
    "model": "items.externallink",
    "fields": {
      "content": "iRobot Roomba (France)",
      "url": "http://www.irobot.com/fr/roomba_range.aspx",
      "items": [
        7
      ],
      "pub_date": "2012-06-20 09:18:11",
      "author": 9
    }
  },
  {
    "pk": 5,
    "model": "items.externallink",
    "fields": {
      "content": "Site Officiel Piaggio d\u00e9di\u00e9 au MP3",
      "url": "http://www.piaggio-mp3.fr/",
      "items": [
        8
      ],
      "pub_date": "2012-06-20 09:18:11",
      "author": 16
    }
  },
  {
    "pk": 3,
    "model": "items.externallink",
    "fields": {
      "content": "Page wiki",
      "url": "http://fr.wikipedia.org/wiki/Ch%C3%A2teau_Margaux",
      "items": [
        6
      ],
      "pub_date": "2012-06-20 09:18:11",
      "author": 11
    }
  },
  {
    "pk": 4,
    "model": "items.externallink",
    "fields": {
      "content": "Site Officiel Piaggio",
      "url": "http://www.fr.piaggio.com/",
      "items": [
        8
      ],
      "pub_date": "2012-06-20 09:18:11",
      "author": 16
    }
  },
  {
    "pk": 1,
    "model": "items.externallink",
    "fields": {
      "content": "Images google",
      "url": "https://www.google.fr/search?client=ubuntu&channel=cs&q=T2+Ultralight+Pro&um=1&ie=UTF-8&hl=fr&tbm=isch&source=og&sa=N&tab=wi&ei=p7jgT-KhDsS0hAfxzJDPDQ&biw=1600&bih=814&sei=qrjgT8LjHsOHhQeJ2p3IDQ",
      "items": [
        1
      ],
      "pub_date": "2012-06-19 19:34:15",
      "author": 1
    }
  },
  {
    "pk": 2,
    "model": "items.externallink",
    "fields": {
      "content": "Description + video",
      "url": "http://computingforever.com/archives/4557",
      "items": [
        4
      ],
      "pub_date": "2012-06-19 19:34:15",
      "author": 14
    }
  },
  {
    "pk": 15,
    "model": "items.feature",
    "fields": {
      "content": "Coloris Noir/Blanc/Or tr\u00e8s propre",
      "positive": true,
      "items": [
        3
      ],
      "pub_date": "2012-06-21 09:19:09",
      "author": 10
    }
  },
  {
    "pk": 17,
    "model": "items.feature",
    "fields": {
      "content": "Casse tr\u00e8s souvent en tete de raquette, sur un d\u00e9centrage",
      "positive": false,
      "items": [
        3
      ],
      "pub_date": "2012-06-21 09:19:09",
      "author": 10
    }
  },
  {
    "pk": 16,
    "model": "items.feature",
    "fields": {
      "content": "Utilis\u00e9e actuellement par les soeurs Serena et Venus Williams",
      "positive": true,
      "items": [
        3
      ],
      "pub_date": "2012-06-21 09:19:09",
      "author": 10
    }
  },
  {
    "pk": 14,
    "model": "items.feature",
    "fields": {
      "content": "Parfaite pour les gros frappeurs du fond de court",
      "positive": true,
      "items": [
        3
      ],
      "pub_date": "2012-06-21 00:27:17",
      "author": 10
    }
  },
  {
    "pk": 6,
    "model": "items.feature",
    "fields": {
      "content": "Freinage",
      "positive": true,
      "items": [
        8
      ],
      "pub_date": "2012-06-20 09:18:11",
      "author": 16
    }
  },
  {
    "pk": 7,
    "model": "items.feature",
    "fields": {
      "content": "Maniabilit\u00e9",
      "positive": true,
      "items": [
        8
      ],
      "pub_date": "2012-06-20 09:18:11",
      "author": 16
    }
  },
  {
    "pk": 8,
    "model": "items.feature",
    "fields": {
      "content": "Facilit\u00e9 de stationnement",
      "positive": true,
      "items": [
        8
      ],
      "pub_date": "2012-06-20 09:18:11",
      "author": 16
    }
  },
  {
    "pk": 9,
    "model": "items.feature",
    "fields": {
      "content": "Poids",
      "positive": false,
      "items": [
        8
      ],
      "pub_date": "2012-06-20 09:18:11",
      "author": 16
    }
  },
  {
    "pk": 2,
    "model": "items.feature",
    "fields": {
      "content": "Permet de t\u00e9l\u00e9phoner",
      "positive": true,
      "items": [
        5
      ],
      "pub_date": "2012-06-20 09:18:11",
      "author": 11
    }
  },
  {
    "pk": 11,
    "model": "items.feature",
    "fields": {
      "content": "Usure pr\u00e9matur\u00e9e du train avant",
      "positive": false,
      "items": [
        8
      ],
      "pub_date": "2012-06-20 09:18:11",
      "author": 16
    }
  },
  {
    "pk": 13,
    "model": "items.feature",
    "fields": {
      "content": "Manque si\u00e8ges et poign\u00e9es chauffantes",
      "positive": false,
      "items": [
        8
      ],
      "pub_date": "2012-06-20 09:18:11",
      "author": 16
    }
  },
  {
    "pk": 12,
    "model": "items.feature",
    "fields": {
      "content": "Coffres trop facilement for\u00e7ables",
      "positive": false,
      "items": [
        8
      ],
      "pub_date": "2012-06-20 09:18:11",
      "author": 16
    }
  },
  {
    "pk": 10,
    "model": "items.feature",
    "fields": {
      "content": "Co\u00fbt de l'entretien",
      "positive": false,
      "items": [
        8
      ],
      "pub_date": "2012-06-20 09:18:11",
      "author": 16
    }
  },
  {
    "pk": 3,
    "model": "items.feature",
    "fields": {
      "content": "Passe l'aspirateur automatiquement et revient \u00e0 sa base de mani\u00e8re autonome.",
      "positive": true,
      "items": [
        7
      ],
      "pub_date": "2012-06-20 09:18:11",
      "author": 9
    }
  },
  {
    "pk": 4,
    "model": "items.feature",
    "fields": {
      "content": "Stabilit\u00e9",
      "positive": true,
      "items": [
        8
      ],
      "pub_date": "2012-06-20 09:18:11",
      "author": 16
    }
  },
  {
    "pk": 5,
    "model": "items.feature",
    "fields": {
      "content": "Volume de rangement",
      "positive": true,
      "items": [
        8
      ],
      "pub_date": "2012-06-20 09:18:11",
      "author": 16
    }
  },
  {
    "pk": 1,
    "model": "taggit.tag",
    "fields": {
      "name": "tente",
      "slug": "tente"
    }
  },
  {
    "pk": 2,
    "model": "taggit.tag",
    "fields": {
      "name": "dormir",
      "slug": "dormir"
    }
  },
  {
    "pk": 3,
    "model": "taggit.tag",
    "fields": {
      "name": "randonn\u00e9e",
      "slug": "randonnee"
    }
  },
  {
    "pk": 4,
    "model": "taggit.tag",
    "fields": {
      "name": "nourriture",
      "slug": "nourriture"
    }
  },
  {
    "pk": 5,
    "model": "taggit.tag",
    "fields": {
      "name": "wilson",
      "slug": "wilson"
    }
  },
  {
    "pk": 6,
    "model": "taggit.tag",
    "fields": {
      "name": "tennis",
      "slug": "tennis"
    }
  },
  {
    "pk": 7,
    "model": "taggit.tag",
    "fields": {
      "name": "raquette",
      "slug": "raquette"
    }
  },
  {
    "pk": 8,
    "model": "taggit.tag",
    "fields": {
      "name": "MacBook Air",
      "slug": "macbook-air"
    }
  },
  {
    "pk": 9,
    "model": "taggit.tag",
    "fields": {
      "name": "13",
      "slug": "13"
    }
  },
  {
    "pk": 10,
    "model": "taggit.tag",
    "fields": {
      "name": "andro\u00efd 4",
      "slug": "android-4"
    }
  },
  {
    "pk": 11,
    "model": "taggit.tag",
    "fields": {
      "name": "ssd",
      "slug": "ssd"
    }
  },
  {
    "pk": 12,
    "model": "taggit.tag",
    "fields": {
      "name": "Clone",
      "slug": "clone"
    }
  },
  {
    "pk": 13,
    "model": "taggit.tag",
    "fields": {
      "name": "Fb",
      "slug": "fb"
    }
  },
  {
    "pk": 14,
    "model": "taggit.tag",
    "fields": {
      "name": "smartphone",
      "slug": "smartphone"
    }
  },
  {
    "pk": 15,
    "model": "taggit.tag",
    "fields": {
      "name": "Bordeaux",
      "slug": "bordeaux"
    }
  },
  {
    "pk": 16,
    "model": "taggit.tag",
    "fields": {
      "name": "Rouge",
      "slug": "rouge"
    }
  },
  {
    "pk": 17,
    "model": "taggit.tag",
    "fields": {
      "name": "vin",
      "slug": "vin"
    }
  },
  {
    "pk": 18,
    "model": "taggit.tag",
    "fields": {
      "name": "sport",
      "slug": "sport"
    }
  },
  {
    "pk": 19,
    "model": "taggit.tag",
    "fields": {
      "name": "apple",
      "slug": "apple"
    }
  },
  {
    "pk": 20,
    "model": "taggit.tag",
    "fields": {
      "name": "Aspirateur",
      "slug": "aspirateur"
    }
  },
  {
    "pk": 21,
    "model": "taggit.tag",
    "fields": {
      "name": "Robot",
      "slug": "robot"
    }
  },
  {
    "pk": 22,
    "model": "taggit.tag",
    "fields": {
      "name": "Automatique",
      "slug": "automatique"
    }
  },
  {
    "pk": 23,
    "model": "taggit.tag",
    "fields": {
      "name": "iRobot",
      "slug": "irobot"
    }
  },
  {
    "pk": 24,
    "model": "taggit.tag",
    "fields": {
      "name": "Voiliers",
      "slug": "voiliers"
    }
  },
  {
    "pk": 25,
    "model": "taggit.tag",
    "fields": {
      "name": "Scooters.",
      "slug": "scooters"
    }
  },
  {
    "pk": 26,
    "model": "taggit.tag",
    "fields": {
      "name": "Audiophilie",
      "slug": "audiophilie"
    }
  },
  {
    "pk": 28,
    "model": "taggit.tag",
    "fields": {
      "name": "Apple",
      "slug": "apple_1"
    }
  },
  {
    "pk": 29,
    "model": "taggit.tag",
    "fields": {
      "name": "Architecture d'int\u00e9rieur",
      "slug": "architecture-dinterieur"
    }
  },
  {
    "pk": 31,
    "model": "taggit.tag",
    "fields": {
      "name": "Scooters",
      "slug": "scooters_1"
    }
  },
  {
    "pk": 32,
    "model": "taggit.tag",
    "fields": {
      "name": "trois roues",
      "slug": "trois-roues"
    }
  },
  {
    "pk": 33,
    "model": "taggit.tag",
    "fields": {
      "name": "125ie",
      "slug": "125ie"
    }
  },
  {
    "pk": 34,
    "model": "taggit.tag",
    "fields": {
      "name": "mobilit\u00e9 urbaine",
      "slug": "mobilite-urbaine"
    }
  },
  {
    "pk": 35,
    "model": "taggit.tag",
    "fields": {
      "name": "Scooter",
      "slug": "scooter"
    }
  },
  {
    "pk": 36,
    "model": "taggit.tag",
    "fields": {
      "name": "permis B",
      "slug": "permis-b"
    }
  },
  {
    "pk": 37,
    "model": "taggit.tag",
    "fields": {
      "name": "moto",
      "slug": "moto"
    }
  },
  {
    "pk": 38,
    "model": "taggit.tag",
    "fields": {
      "name": "MP3",
      "slug": "mp3"
    }
  },
  {
    "pk": 39,
    "model": "taggit.tag",
    "fields": {
      "name": "Piaggio",
      "slug": "piaggio"
    }
  },
  {
    "pk": 40,
    "model": "taggit.tag",
    "fields": {
      "name": "125cc",
      "slug": "125cc"
    }
  },
  {
    "pk": 41,
    "model": "taggit.tag",
    "fields": {
      "name": "250ie",
      "slug": "250ie"
    }
  },
  {
    "pk": 42,
    "model": "taggit.tag",
    "fields": {
      "name": "yourban",
      "slug": "yourban"
    }
  },
  {
    "pk": 43,
    "model": "taggit.tag",
    "fields": {
      "name": "Business LT",
      "slug": "business-lt"
    }
  },
  {
    "pk": 44,
    "model": "taggit.tag",
    "fields": {
      "name": "Hybrid",
      "slug": "hybrid"
    }
  },
  {
    "pk": 45,
    "model": "taggit.tag",
    "fields": {
      "name": "Touring",
      "slug": "touring"
    }
  },
  {
    "pk": 46,
    "model": "taggit.tag",
    "fields": {
      "name": "300ie",
      "slug": "300ie"
    }
  },
  {
    "pk": 47,
    "model": "taggit.tag",
    "fields": {
      "name": "500ie",
      "slug": "500ie"
    }
  },
  {
    "pk": 48,
    "model": "taggit.tag",
    "fields": {
      "name": "Sport LT",
      "slug": "sport-lt"
    }
  },
  {
    "pk": 49,
    "model": "taggit.tag",
    "fields": {
      "name": "400ie",
      "slug": "400ie"
    }
  },
  {
    "pk": 50,
    "model": "taggit.tag",
    "fields": {
      "name": "Jogging",
      "slug": "jogging"
    }
  },
  {
    "pk": 51,
    "model": "taggit.tag",
    "fields": {
      "name": "Ordinateur",
      "slug": "ordinateur"
    }
  },
  {
    "pk": 53,
    "model": "taggit.tag",
    "fields": {
      "name": "Sport",
      "slug": "sport_1"
    }
  },
  {
    "pk": 55,
    "model": "taggit.tag",
    "fields": {
      "name": "Tennis",
      "slug": "tennis_1"
    }
  },
  {
    "pk": 56,
    "model": "taggit.tag",
    "fields": {
      "name": "volley",
      "slug": "volley"
    }
  },
  {
    "pk": 57,
    "model": "taggit.tag",
    "fields": {
      "name": "Ipad",
      "slug": "ipad"
    }
  },
  {
    "pk": 58,
    "model": "taggit.tag",
    "fields": {
      "name": "tablette",
      "slug": "tablette"
    }
  },
  {
    "pk": 1,
    "model": "taggit.taggeditem",
    "fields": {
      "tag": 1,
      "content_type": [
        "items",
        "item"
      ],
      "object_id": 1
    }
  },
  {
    "pk": 2,
    "model": "taggit.taggeditem",
    "fields": {
      "tag": 2,
      "content_type": [
        "items",
        "item"
      ],
      "object_id": 1
    }
  },
  {
    "pk": 3,
    "model": "taggit.taggeditem",
    "fields": {
      "tag": 3,
      "content_type": [
        "items",
        "item"
      ],
      "object_id": 1
    }
  },
  {
    "pk": 124,
    "model": "taggit.taggeditem",
    "fields": {
      "tag": 6,
      "content_type": [
        "profiles",
        "profile"
      ],
      "object_id": 4
    }
  },
  {
    "pk": 5,
    "model": "taggit.taggeditem",
    "fields": {
      "tag": 5,
      "content_type": [
        "items",
        "item"
      ],
      "object_id": 3
    }
  },
  {
    "pk": 6,
    "model": "taggit.taggeditem",
    "fields": {
      "tag": 6,
      "content_type": [
        "items",
        "item"
      ],
      "object_id": 3
    }
  },
  {
    "pk": 7,
    "model": "taggit.taggeditem",
    "fields": {
      "tag": 7,
      "content_type": [
        "items",
        "item"
      ],
      "object_id": 3
    }
  },
  {
    "pk": 128,
    "model": "taggit.taggeditem",
    "fields": {
      "tag": 53,
      "content_type": [
        "profiles",
        "profile"
      ],
      "object_id": 19
    }
  },
  {
    "pk": 129,
    "model": "taggit.taggeditem",
    "fields": {
      "tag": 55,
      "content_type": [
        "profiles",
        "profile"
      ],
      "object_id": 19
    }
  },
  {
    "pk": 130,
    "model": "taggit.taggeditem",
    "fields": {
      "tag": 56,
      "content_type": [
        "profiles",
        "profile"
      ],
      "object_id": 17
    }
  },
  {
    "pk": 131,
    "model": "taggit.taggeditem",
    "fields": {
      "tag": 6,
      "content_type": [
        "profiles",
        "profile"
      ],
      "object_id": 17
    }
  },
  {
    "pk": 132,
    "model": "taggit.taggeditem",
    "fields": {
      "tag": 50,
      "content_type": [
        "profiles",
        "profile"
      ],
      "object_id": 9
    }
  },
  {
    "pk": 16,
    "model": "taggit.taggeditem",
    "fields": {
      "tag": 8,
      "content_type": [
        "items",
        "item"
      ],
      "object_id": 4
    }
  },
  {
    "pk": 17,
    "model": "taggit.taggeditem",
    "fields": {
      "tag": 9,
      "content_type": [
        "items",
        "item"
      ],
      "object_id": 4
    }
  },
  {
    "pk": 18,
    "model": "taggit.taggeditem",
    "fields": {
      "tag": 10,
      "content_type": [
        "items",
        "item"
      ],
      "object_id": 4
    }
  },
  {
    "pk": 19,
    "model": "taggit.taggeditem",
    "fields": {
      "tag": 11,
      "content_type": [
        "items",
        "item"
      ],
      "object_id": 4
    }
  },
  {
    "pk": 20,
    "model": "taggit.taggeditem",
    "fields": {
      "tag": 12,
      "content_type": [
        "items",
        "item"
      ],
      "object_id": 4
    }
  },
  {
    "pk": 21,
    "model": "taggit.taggeditem",
    "fields": {
      "tag": 13,
      "content_type": [
        "items",
        "item"
      ],
      "object_id": 5
    }
  },
  {
    "pk": 22,
    "model": "taggit.taggeditem",
    "fields": {
      "tag": 14,
      "content_type": [
        "items",
        "item"
      ],
      "object_id": 5
    }
  },
  {
    "pk": 133,
    "model": "taggit.taggeditem",
    "fields": {
      "tag": 51,
      "content_type": [
        "profiles",
        "profile"
      ],
      "object_id": 9
    }
  },
  {
    "pk": 134,
    "model": "taggit.taggeditem",
    "fields": {
      "tag": 20,
      "content_type": [
        "profiles",
        "profile"
      ],
      "object_id": 9
    }
  },
  {
    "pk": 25,
    "model": "taggit.taggeditem",
    "fields": {
      "tag": 16,
      "content_type": [
        "items",
        "item"
      ],
      "object_id": 6
    }
  },
  {
    "pk": 26,
    "model": "taggit.taggeditem",
    "fields": {
      "tag": 17,
      "content_type": [
        "items",
        "item"
      ],
      "object_id": 6
    }
  },
  {
    "pk": 27,
    "model": "taggit.taggeditem",
    "fields": {
      "tag": 15,
      "content_type": [
        "items",
        "item"
      ],
      "object_id": 6
    }
  },
  {
    "pk": 29,
    "model": "taggit.taggeditem",
    "fields": {
      "tag": 3,
      "content_type": [
        "profiles",
        "profile"
      ],
      "object_id": 12
    }
  },
  {
    "pk": 30,
    "model": "taggit.taggeditem",
    "fields": {
      "tag": 6,
      "content_type": [
        "profiles",
        "profile"
      ],
      "object_id": 12
    }
  },
  {
    "pk": 34,
    "model": "taggit.taggeditem",
    "fields": {
      "tag": 20,
      "content_type": [
        "items",
        "item"
      ],
      "object_id": 7
    }
  },
  {
    "pk": 35,
    "model": "taggit.taggeditem",
    "fields": {
      "tag": 21,
      "content_type": [
        "items",
        "item"
      ],
      "object_id": 7
    }
  },
  {
    "pk": 36,
    "model": "taggit.taggeditem",
    "fields": {
      "tag": 22,
      "content_type": [
        "items",
        "item"
      ],
      "object_id": 7
    }
  },
  {
    "pk": 37,
    "model": "taggit.taggeditem",
    "fields": {
      "tag": 23,
      "content_type": [
        "items",
        "item"
      ],
      "object_id": 7
    }
  },
  {
    "pk": 135,
    "model": "taggit.taggeditem",
    "fields": {
      "tag": 57,
      "content_type": [
        "items",
        "item"
      ],
      "object_id": 9
    }
  },
  {
    "pk": 136,
    "model": "taggit.taggeditem",
    "fields": {
      "tag": 58,
      "content_type": [
        "items",
        "item"
      ],
      "object_id": 9
    }
  },
  {
    "pk": 137,
    "model": "taggit.taggeditem",
    "fields": {
      "tag": 19,
      "content_type": [
        "items",
        "item"
      ],
      "object_id": 9
    }
  },
  {
    "pk": 138,
    "model": "taggit.taggeditem",
    "fields": {
      "tag": 18,
      "content_type": [
        "profiles",
        "profile"
      ],
      "object_id": 10
    }
  },
  {
    "pk": 139,
    "model": "taggit.taggeditem",
    "fields": {
      "tag": 19,
      "content_type": [
        "profiles",
        "profile"
      ],
      "object_id": 10
    }
  },
  {
    "pk": 140,
    "model": "taggit.taggeditem",
    "fields": {
      "tag": 6,
      "content_type": [
        "profiles",
        "profile"
      ],
      "object_id": 10
    }
  },
  {
    "pk": 142,
    "model": "taggit.taggeditem",
    "fields": {
      "tag": 55,
      "content_type": [
        "profiles",
        "profile"
      ],
      "object_id": 24
    }
  },
  {
    "pk": 48,
    "model": "taggit.taggeditem",
    "fields": {
      "tag": 24,
      "content_type": [
        "profiles",
        "profile"
      ],
      "object_id": 16
    }
  },
  {
    "pk": 49,
    "model": "taggit.taggeditem",
    "fields": {
      "tag": 26,
      "content_type": [
        "profiles",
        "profile"
      ],
      "object_id": 16
    }
  },
  {
    "pk": 50,
    "model": "taggit.taggeditem",
    "fields": {
      "tag": 28,
      "content_type": [
        "profiles",
        "profile"
      ],
      "object_id": 16
    }
  },
  {
    "pk": 51,
    "model": "taggit.taggeditem",
    "fields": {
      "tag": 29,
      "content_type": [
        "profiles",
        "profile"
      ],
      "object_id": 16
    }
  },
  {
    "pk": 52,
    "model": "taggit.taggeditem",
    "fields": {
      "tag": 31,
      "content_type": [
        "profiles",
        "profile"
      ],
      "object_id": 16
    }
  },
  {
    "pk": 106,
    "model": "taggit.taggeditem",
    "fields": {
      "tag": 32,
      "content_type": [
        "items",
        "item"
      ],
      "object_id": 8
    }
  },
  {
    "pk": 107,
    "model": "taggit.taggeditem",
    "fields": {
      "tag": 33,
      "content_type": [
        "items",
        "item"
      ],
      "object_id": 8
    }
  },
  {
    "pk": 108,
    "model": "taggit.taggeditem",
    "fields": {
      "tag": 34,
      "content_type": [
        "items",
        "item"
      ],
      "object_id": 8
    }
  },
  {
    "pk": 109,
    "model": "taggit.taggeditem",
    "fields": {
      "tag": 36,
      "content_type": [
        "items",
        "item"
      ],
      "object_id": 8
    }
  },
  {
    "pk": 110,
    "model": "taggit.taggeditem",
    "fields": {
      "tag": 37,
      "content_type": [
        "items",
        "item"
      ],
      "object_id": 8
    }
  },
  {
    "pk": 111,
    "model": "taggit.taggeditem",
    "fields": {
      "tag": 38,
      "content_type": [
        "items",
        "item"
      ],
      "object_id": 8
    }
  },
  {
    "pk": 112,
    "model": "taggit.taggeditem",
    "fields": {
      "tag": 39,
      "content_type": [
        "items",
        "item"
      ],
      "object_id": 8
    }
  },
  {
    "pk": 113,
    "model": "taggit.taggeditem",
    "fields": {
      "tag": 40,
      "content_type": [
        "items",
        "item"
      ],
      "object_id": 8
    }
  },
  {
    "pk": 114,
    "model": "taggit.taggeditem",
    "fields": {
      "tag": 41,
      "content_type": [
        "items",
        "item"
      ],
      "object_id": 8
    }
  },
  {
    "pk": 115,
    "model": "taggit.taggeditem",
    "fields": {
      "tag": 42,
      "content_type": [
        "items",
        "item"
      ],
      "object_id": 8
    }
  },
  {
    "pk": 116,
    "model": "taggit.taggeditem",
    "fields": {
      "tag": 43,
      "content_type": [
        "items",
        "item"
      ],
      "object_id": 8
    }
  },
  {
    "pk": 117,
    "model": "taggit.taggeditem",
    "fields": {
      "tag": 44,
      "content_type": [
        "items",
        "item"
      ],
      "object_id": 8
    }
  },
  {
    "pk": 118,
    "model": "taggit.taggeditem",
    "fields": {
      "tag": 45,
      "content_type": [
        "items",
        "item"
      ],
      "object_id": 8
    }
  },
  {
    "pk": 119,
    "model": "taggit.taggeditem",
    "fields": {
      "tag": 46,
      "content_type": [
        "items",
        "item"
      ],
      "object_id": 8
    }
  },
  {
    "pk": 120,
    "model": "taggit.taggeditem",
    "fields": {
      "tag": 47,
      "content_type": [
        "items",
        "item"
      ],
      "object_id": 8
    }
  },
  {
    "pk": 121,
    "model": "taggit.taggeditem",
    "fields": {
      "tag": 48,
      "content_type": [
        "items",
        "item"
      ],
      "object_id": 8
    }
  },
  {
    "pk": 122,
    "model": "taggit.taggeditem",
    "fields": {
      "tag": 49,
      "content_type": [
        "items",
        "item"
      ],
      "object_id": 8
    }
  },
  {
    "pk": 123,
    "model": "taggit.taggeditem",
    "fields": {
      "tag": 31,
      "content_type": [
        "items",
        "item"
      ],
      "object_id": 8
    }
  },
  {
    "pk": 11,
    "model": "voting.vote",
    "fields": {
      "vote": 1,
      "user": 12,
      "content_type": [
        "items",
        "question"
      ],
      "object_id": 6
    }
  },
  {
    "pk": 12,
    "model": "voting.vote",
    "fields": {
      "vote": 1,
      "user": 9,
      "content_type": [
        "items",
        "externallink"
      ],
      "object_id": 5
    }
  },
  {
    "pk": 13,
    "model": "voting.vote",
    "fields": {
      "vote": 1,
      "user": 9,
      "content_type": [
        "items",
        "feature"
      ],
      "object_id": 6
    }
  },
  {
    "pk": 14,
    "model": "voting.vote",
    "fields": {
      "vote": 1,
      "user": 9,
      "content_type": [
        "items",
        "feature"
      ],
      "object_id": 4
    }
  },
  {
    "pk": 15,
    "model": "voting.vote",
    "fields": {
      "vote": 1,
      "user": 22,
      "content_type": [
        "items",
        "question"
      ],
      "object_id": 7
    }
  },
  {
    "pk": 16,
    "model": "voting.vote",
    "fields": {
      "vote": 1,
      "user": 22,
      "content_type": [
        "items",
        "answer"
      ],
      "object_id": 11
    }
  },
  {
    "pk": 17,
    "model": "voting.vote",
    "fields": {
      "vote": 1,
      "user": 9,
      "content_type": [
        "items",
        "answer"
      ],
      "object_id": 13
    }
  },
  {
    "pk": 18,
    "model": "voting.vote",
    "fields": {
      "vote": 1,
      "user": 9,
      "content_type": [
        "items",
        "question"
      ],
      "object_id": 8
    }
  },
  {
    "pk": 19,
    "model": "voting.vote",
    "fields": {
      "vote": 1,
      "user": 10,
      "content_type": [
        "items",
        "feature"
      ],
      "object_id": 3
    }
  },
  {
    "pk": 1,
    "model": "follow.follow",
    "fields": {
      "target_user": 10,
      "user": 12,
      "datetime": "2012-06-19 21:48:30"
    }
  },
  {
    "pk": 2,
    "model": "follow.follow",
    "fields": {
      "target_user": 11,
      "user": 10,
      "datetime": "2012-06-20 10:21:57"
    }
  },
  {
    "pk": 3,
    "model": "follow.follow",
    "fields": {
      "target_user": 12,
      "user": 10,
      "datetime": "2012-06-20 10:23:17"
    }
  },
  {
    "pk": 5,
    "model": "follow.follow",
    "fields": {
      "target_user": 16,
      "user": 10,
      "datetime": "2012-06-20 14:44:06"
    }
  },
  {
    "pk": 6,
    "model": "follow.follow",
    "fields": {
      "target_user": 16,
      "user": 9,
      "datetime": "2012-06-20 15:03:14"
    }
  },
  {
    "pk": 7,
    "model": "follow.follow",
    "fields": {
      "target_user": 14,
      "user": 9,
      "datetime": "2012-06-20 15:30:29"
    }
  },
  {
    "pk": 8,
    "model": "follow.follow",
    "fields": {
      "target_user": 11,
      "user": 9,
      "datetime": "2012-06-20 15:30:45"
    }
  },
  {
    "pk": 9,
    "model": "follow.follow",
    "fields": {
      "target_user": 9,
      "user": 16,
      "datetime": "2012-06-20 16:57:46"
    }
  },
  {
    "pk": 10,
    "model": "follow.follow",
    "fields": {
      "target_user": 20,
      "user": 9,
      "datetime": "2012-06-20 19:40:02"
    }
  },
  {
    "pk": 11,
    "model": "follow.follow",
    "fields": {
      "target_user": 21,
      "user": 10,
      "datetime": "2012-06-21 01:06:37"
    }
  },
  {
    "pk": 12,
    "model": "follow.follow",
    "fields": {
      "target_user": 9,
      "user": 10,
      "datetime": "2012-06-21 01:07:06"
    }
  },
  {
    "pk": 13,
    "model": "follow.follow",
    "fields": {
      "target_user": 10,
      "user": 24,
      "datetime": "2012-06-21 07:06:47"
    }
  },
  {
    "pk": 14,
    "model": "follow.follow",
    "fields": {
      "target_user": 21,
      "user": 24,
      "datetime": "2012-06-21 07:08:02"
    }
  },
  {
    "pk": 15,
    "model": "follow.follow",
    "fields": {
      "target_user": 19,
      "user": 10,
      "datetime": "2012-06-21 12:39:23"
    }
  },
  {
    "pk": 16,
    "model": "follow.follow",
    "fields": {
      "target_user": 18,
      "user": 10,
      "datetime": "2012-06-21 12:39:33"
    }
  },
  {
    "pk": 17,
    "model": "follow.follow",
    "fields": {
      "target_user": 14,
      "user": 10,
      "datetime": "2012-06-21 12:40:07"
    }
  },
  {
    "pk": 18,
    "model": "follow.follow",
    "fields": {
      "target_user": 17,
      "user": 10,
      "datetime": "2012-06-21 12:40:19"
    }
  }
]
